data,Precipitação,Temperatura
2016-08-04,0.0,8.466454545454546
2016-08-05,0.0,7.845520833333333
2016-08-06,0.0,7.773729166666667
2016-08-07,0.0,7.408041666666667
2016-08-08,0.0,7.5778541666666674
2016-08-09,0.0,7.314416666666666
2016-08-10,0.0,7.520520833333333
2016-08-11,1.0,8.036166666666666
2016-08-12,2.8,6.928416666666667
2016-08-13,2.2,6.375145833333334
2016-08-14,0.0,7.676916666666667
2016-08-15,0.0,7.603958333333334
2016-08-16,0.0,7.583708333333333
2016-08-17,0.0,7.744395833333333
2016-08-18,0.0,8.527125
2016-08-19,0.0,7.303354166666666
2016-08-20,0.0,7.972708333333333
2016-08-21,0.0,10.4019375
2016-08-22,0.0,10.123270833333335
2016-08-23,0.0,8.067729166666666
2016-08-24,0.0,8.261604166666666
2016-08-25,0.0,7.5118125000000004
2016-08-26,0.0,6.863062500000001
2016-08-27,0.0,7.989145833333333
2016-08-28,0.0,8.0658125
2016-08-29,0.4,7.7516875
2016-08-30,0.0,8.1005625
2016-08-31,0.0,8.024625
2016-09-01,0.0,7.5417708333333335
2016-09-02,0.0,7.413666666666667
2016-09-03,0.0,6.6902083333333335
2016-09-04,0.0,6.489270833333333
2016-09-05,0.0,7.199750000000001
2016-09-06,0.0,7.8051458333333334
2016-09-07,0.0,8.191729166666667
2016-09-08,0.0,9.004583333333334
2016-09-09,0.0,8.793395833333333
2016-09-10,0.0,9.357041666666666
2016-09-11,0.0,8.007833333333332
2016-09-12,0.0,7.336520833333334
2016-09-13,0.0,7.735125
2016-09-14,0.4,8.166958333333334
2016-09-15,6.6000000000000005,7.87875
2016-09-16,0.2,6.986145833333333
2016-09-17,0.0,8.015083333333333
2016-09-18,0.0,9.213833333333334
2016-09-19,1.0,9.610770833333333
2016-09-20,10.4,6.8770625
2016-09-21,0.0,6.858104166666667
2016-09-22,0.0,8.227166666666667
2016-09-23,1.2,8.845333333333334
2016-09-24,1.0,9.370770833333333
2016-09-25,4.2,6.811958333333333
2016-09-26,5.4,6.444583333333334
2016-09-27,0.0,6.781270833333333
2016-09-28,10.200000000000001,7.27775
2016-09-29,2.0,8.000166666666667
2016-09-30,0.6,7.6228750000000005
2016-10-01,4.8,7.798229166666666
2016-10-02,9.2,6.9203125000000005
2016-10-03,0.0,9.367041666666667
2016-10-04,4.0,9.007041666666668
2016-10-05,2.0,8.372583333333333
2016-10-06,4.4,6.950541666666666
2016-10-07,0.0,7.47825
2016-10-08,0.0,7.8161249999999995
2016-10-09,0.0,7.321916666666667
2016-10-10,3.0,8.187770833333333
2016-10-11,3.2,7.695604166666667
2016-10-12,0.0,8.314104166666667
2016-10-13,7.2,7.275083333333334
2016-10-14,14.399999999999999,7.4777916666666675
2016-10-15,4.6,7.413
2016-10-16,2.6,7.261229166666666
2016-10-17,0.0,7.6037083333333335
2016-10-18,0.0,7.938770833333333
2016-10-19,0.0,7.066770833333333
2016-10-20,0.6000000000000001,8.3341875
2016-10-21,3.0,6.499937500000001
2016-10-22,0.2,7.943270833333333
2016-10-23,0.2,7.848916666666667
2016-10-24,0.0,8.387520833333333
2016-10-25,0.0,7.6739375
2016-10-26,0.2,7.246854166666666
2016-10-27,0.0,7.074770833333333
2016-10-28,1.2000000000000002,7.981604166666667
2016-10-29,0.0,7.820979166666667
2016-10-30,0.0,8.118020833333334
2016-10-31,0.0,8.022208333333333
2016-11-01,0.0,7.880229166666666
2016-11-02,0.0,7.880979166666666
2016-11-03,0.6000000000000001,8.029541666666667
2016-11-04,0.4,8.125895833333333
2016-11-05,0.0,8.192874999999999
2016-11-06,0.0,8.866583333333333
2016-11-07,0.0,8.773270833333333
2016-11-08,4.6,8.971666666666666
2016-11-09,0.6000000000000001,8.03625
2016-11-10,0.0,8.067520833333333
2016-11-11,0.0,8.212895833333333
2016-11-12,0.0,7.495166666666666
2016-11-13,0.0,7.483979166666667
2016-11-14,0.0,6.708729166666667
2016-11-15,0.0,5.836458333333333
2016-11-16,0.0,6.2971875
2016-11-17,0.0,6.785166666666666
2016-11-18,0.0,6.8309375
2016-11-19,0.0,7.4467083333333335
2016-11-20,0.0,6.658145833333333
2016-11-21,0.0,6.587666666666667
2016-11-22,0.0,7.4839166666666666
2016-11-23,0.0,7.428020833333334
2016-11-24,0.0,7.7815
2016-11-25,0.0,8.052895833333332
2016-11-26,0.0,8.209020833333334
2016-11-27,0.0,8.382604166666667
2016-11-28,0.2,8.702125
2016-11-29,0.4,9.488166666666666
2016-11-30,1.2000000000000002,8.143854166666666
2016-12-01,0.0,8.119541666666667
2016-12-02,5.4,8.5745
2016-12-03,12.0,7.544395833333333
2016-12-04,10.8,6.765270833333333
2016-12-05,1.6,7.393125
2016-12-06,3.6,6.581729166666666
2016-12-07,0.4,6.62875
2016-12-08,13.8,6.213125000000001
2016-12-09,8.4,6.213979166666667
2016-12-10,0.6000000000000001,7.574479166666666
2016-12-11,0.4,7.230666666666667
2016-12-12,0.4,7.7921458333333335
2016-12-13,0.4,8.8258125
2016-12-14,1.2,8.406145833333333
2016-12-15,1.4,7.659020833333333
2016-12-16,0.0,8.430125
2016-12-17,0.0,8.767583333333333
2016-12-18,7.0,7.456958333333334
2016-12-19,2.4000000000000004,7.384125
2016-12-20,6.2,7.668187499999999
2016-12-21,0.2,7.641500000000001
2016-12-22,14.6,5.847520833333333
2016-12-23,0.0,7.401395833333333
2016-12-24,0.2,8.345791666666667
2016-12-25,1.8,8.294458333333333
2016-12-26,1.2000000000000002,7.858208333333334
2016-12-27,4.2,8.2260625
2016-12-28,2.0,7.6820208333333335
2016-12-29,5.6,7.943541666666667
2016-12-30,7.2,7.1148125
2016-12-31,12.6,6.577958333333334
2017-01-01,11.2,7.593166666666666
2017-01-02,3.8000000000000003,8.486812500000001
2017-01-03,3.6,7.683145833333334
2017-01-04,0.0,8.1078125
2017-01-05,4.6,7.9306875
2017-01-06,2.4,7.439541666666667
2017-01-07,0.8,8.091958333333332
2017-01-08,5.0,7.291083333333333
2017-01-09,9.0,6.347083333333334
2017-01-10,4.2,6.329479166666666
2017-01-11,3.4000000000000004,7.563770833333333
2017-01-12,11.8,6.849020833333333
2017-01-13,4.6,6.988604166666666
2017-01-14,11.0,6.0934791666666674
2017-01-15,5.6000000000000005,5.922999999999999
2017-01-16,16.8,4.4820416666666665
2017-01-17,0.2,7.228437499999999
2017-01-18,0.0,9.528541666666667
2017-01-19,2.4,8.116645833333333
2017-01-20,0.2,7.7903125
2017-01-21,0.2,7.3657916666666665
2017-01-22,10.6,5.856791666666666
2017-01-23,9.6,6.033166666666666
2017-01-24,10.4,6.268041666666666
2017-01-25,3.0,6.7608958333333335
2017-01-26,0.0,6.670833333333333
2017-01-27,0.0,8.213479166666668
2017-01-28,0.0,10.093208333333333
2017-01-29,0.0,9.946958333333333
2017-01-30,3.4,8.953229166666667
2017-01-31,1.2000000000000002,7.5103125
2017-02-01,0.2,8.426833333333333
2017-02-02,0.6000000000000001,8.053812500000001
2017-02-03,5.2,7.8458958333333335
2017-02-04,6.2,8.157270833333333
2017-02-05,0.2,8.5995625
2017-02-06,3.8000000000000003,8.455520833333333
2017-02-07,12.0,6.994583333333334
2017-02-08,0.0,7.7430208333333335
2017-02-09,0.0,8.016562500000001
2017-02-10,1.0,7.9822500000000005
2017-02-11,1.4000000000000001,6.275958333333333
2017-02-12,3.8000000000000003,7.69325
2017-02-13,0.2,7.018895833333333
2017-02-14,17.2,4.033645833333334
2017-02-15,9.8,5.204833333333333
2017-02-16,0.4,6.960083333333333
2017-02-17,4.0,5.649875000000001
2017-02-18,9.4,6.236791666666666
2017-02-19,4.8,6.559541666666667
2017-02-20,8.6,6.7319375
2017-02-21,2.6,5.8752708333333326
2017-02-22,2.2,6.786833333333334
2017-02-23,4.4,7.1838750000000005
2017-02-24,5.2,7.659729166666668
2017-02-25,13.0,6.196166666666667
2017-02-26,10.6,5.393354166666666
2017-02-27,5.0,6.408791666666667
2017-02-28,5.4,6.8954375
2017-03-01,0.0,6.9781249999999995
2017-03-02,1.0,7.8563125000000005
2017-03-03,4.2,7.156854166666666
2017-03-04,0.2,8.577020833333334
2017-03-05,2.8000000000000003,8.556020833333333
2017-03-06,9.0,7.0745000000000005
2017-03-07,10.8,7.324604166666667
2017-03-08,12.4,6.628604166666666
2017-03-09,12.200000000000001,7.4145416666666675
2017-03-10,9.8,6.9156458333333335
2017-03-11,7.0,7.152979166666667
2017-03-12,1.4,7.9959375
2017-03-13,5.6,7.49025
2017-03-14,8.8,7.0346875
2017-03-15,9.6,6.307729166666667
2017-03-16,12.2,5.242
2017-03-17,0.2,6.846395833333333
2017-03-18,11.8,7.251541666666667
2017-03-19,4.2,7.7216249999999995
2017-03-20,0.8,8.5149375
2017-03-21,2.4,8.745979166666666
2017-03-22,11.4,7.765875
2017-03-23,16.6,7.216770833333334
2017-03-24,4.2,7.566958333333333
2017-03-25,5.6000000000000005,7.187145833333333
2017-03-26,11.6,7.156416666666666
2017-03-27,2.8000000000000003,7.1483125
2017-03-28,1.2000000000000002,8.057833333333333
2017-03-29,14.0,8.859166666666667
2017-03-30,23.0,6.52025
2017-03-31,2.6,7.743479166666667
2017-04-01,1.0,8.482520833333334
2017-04-02,10.0,7.827604166666667
2017-04-03,4.2,7.731166666666667
2017-04-04,7.4,7.478104166666667
2017-04-05,3.6,8.804791666666667
2017-04-06,0.6000000000000001,8.36275
2017-04-07,2.0,8.002833333333333
2017-04-08,5.2,7.6419375
2017-04-09,10.2,7.296625
2017-04-10,5.2,7.86525
2017-04-11,1.6,8.149645833333333
2017-04-12,1.0,7.873333333333334
2017-04-13,0.2,9.38725
2017-04-14,0.0,8.521729166666667
2017-04-15,0.2,9.614791666666667
2017-04-16,0.0,8.906270833333332
2017-04-17,0.8,9.641104166666667
2017-04-18,5.6,8.839270833333334
2017-04-19,3.0,7.622083333333333
2017-04-20,5.4,7.363125
2017-04-21,0.0,7.184104166666667
2017-04-22,1.8,7.4474583333333335
2017-04-23,10.200000000000001,7.137208333333334
2017-04-24,5.4,7.052270833333334
2017-04-25,0.0,7.612354166666667
2017-04-26,1.4000000000000001,8.225895833333334
2017-04-27,0.8,7.881729166666666
2017-04-28,1.4,8.122
2017-04-29,1.0,8.187833333333334
2017-04-30,0.2,7.038333333333333
2017-05-01,0.0,7.837270833333334
2017-05-02,0.0,8.174583333333333
2017-05-03,0.2,8.88925
2017-05-04,0.6000000000000001,8.565291666666667
2017-05-05,0.4,8.430958333333333
2017-05-06,5.6,7.681354166666666
2017-05-07,4.0,8.288354166666666
2017-05-08,4.0,8.085145833333334
2017-05-09,3.2,7.972895833333333
2017-05-10,1.4000000000000001,7.793729166666666
2017-05-11,0.0,7.544479166666666
2017-05-12,0.8,8.243041666666667
2017-05-13,2.2,8.563666666666666
2017-05-14,1.6,8.064874999999999
2017-05-15,8.8,7.715354166666667
2017-05-16,1.2000000000000002,7.673125
2017-05-17,8.0,6.901125
2017-05-18,0.0,7.02375
2017-05-19,2.8000000000000003,7.91375
2017-05-20,1.6,6.982833333333333
2017-05-21,5.6000000000000005,6.955000000000001
2017-05-22,2.4,7.352666666666667
2017-05-23,1.0,7.903520833333334
2017-05-24,0.0,8.3619375
2017-05-25,0.0,10.026666666666667
2017-05-26,0.0,7.5718958333333335
2017-05-27,0.0,7.254354166666666
2017-05-28,0.4,8.332145833333334
2017-05-29,0.2,7.591104166666667
2017-05-30,1.0,6.5750416666666665
2017-05-31,1.8,7.256145833333334
2017-06-01,0.0,7.708666666666667
2017-06-02,0.0,7.3591875
2017-06-03,0.0,7.624479166666667
2017-06-04,0.0,7.775083333333334
2017-06-05,0.0,8.566166666666666
2017-06-06,0.0,6.445937499999999
2017-06-07,0.0,7.0688125
2017-06-08,0.0,7.187854166666667
2017-06-09,0.0,7.1203125
2017-06-10,0.2,7.575583333333333
2017-06-11,0.0,7.5709375
2017-06-12,0.0,7.101479166666667
2017-06-13,2.4,6.829770833333334
2017-06-14,0.2,6.869395833333333
2017-06-15,0.0,7.278270833333334
2017-06-16,0.0,8.180791666666666
2017-06-17,0.0,7.585333333333334
2017-06-18,0.0,6.797041666666666
2017-06-19,0.0,7.730270833333333
2017-06-20,0.0,6.6486875
2017-06-21,0.8,7.988208333333333
2017-06-22,0.0,7.2154375
2017-06-23,0.6,7.463104166666667
2017-06-24,0.0,6.486166666666667
2017-06-25,0.0,6.919395833333333
2017-06-26,0.0,6.858666666666667
2017-06-27,0.0,5.364416666666667
2017-06-28,0.0,6.831291666666666
2017-06-29,0.2,6.808645833333333
2017-06-30,0.0,6.4659375
2017-07-01,0.0,7.1363125
2017-07-02,0.0,8.036833333333334
2017-07-03,0.0,6.704291666666666
2017-07-04,0.0,6.558520833333334
2017-07-05,0.0,6.114229166666667
2017-07-06,0.2,6.484125
2017-07-07,0.2,6.590083333333333
2017-07-08,0.0,6.489395833333333
2017-07-09,0.0,7.782020833333333
2017-07-10,0.0,8.1425625
2017-07-11,0.0,8.4001875
2017-07-12,0.0,6.383187500000001
2017-07-13,0.0,7.042791666666666
2017-07-14,0.0,7.137125
2017-07-15,0.0,6.057270833333334
2017-07-16,0.0,6.037145833333334
2017-07-17,0.0,6.4136041666666666
2017-07-18,0.0,6.665791666666667
2017-07-19,0.0,7.669791666666666
2017-07-20,0.0,7.1628541666666665
2017-07-21,0.0,8.558125
2017-07-22,0.0,7.967020833333334
2017-07-23,0.0,7.757479166666666
2017-07-24,0.0,9.1993125
2017-07-25,0.0,9.44675
2017-07-26,0.0,9.765375
2017-07-27,0.0,9.004666666666667
2017-07-28,0.0,7.267541666666666
2017-07-29,0.0,6.8510625
2017-07-30,0.0,7.258583333333333
2017-07-31,0.0,7.140708333333333
2017-08-01,0.0,7.451020833333334
2017-08-02,0.0,7.5728125
2017-08-03,0.0,6.240333333333333
2017-08-04,0.0,7.264708333333334
2017-08-05,0.0,6.722104166666667
2017-08-06,0.0,7.646020833333334
2017-08-07,0.0,7.239916666666667
2017-08-08,0.0,6.7994375
2017-08-09,0.0,6.507041666666667
2017-08-10,0.0,6.936812499999999
2017-08-11,0.0,6.1025
2017-08-12,0.0,6.144479166666667
2017-08-13,0.0,6.624458333333333
2017-08-14,0.0,6.317374999999999
2017-08-15,0.0,6.7495208333333325
2017-08-16,0.0,7.036520833333333
2017-08-17,0.0,6.465333333333334
2017-08-18,0.0,5.6769375
2017-08-19,0.0,7.1390625000000005
2017-08-20,1.0,7.800833333333333
2017-08-21,0.0,8.2285625
2017-08-22,0.0,7.646729166666667
2017-08-23,0.0,7.532374999999999
2017-08-24,0.0,7.627479166666666
2017-08-25,0.0,7.022520833333334
2017-08-26,0.4,7.166895833333334
2017-08-27,0.0,7.438166666666667
2017-08-28,1.0,7.393354166666666
2017-08-29,0.2,7.500375000000001
2017-08-30,0.0,8.577729166666666
2017-08-31,0.0,8.932791666666667
2017-09-01,0.0,9.499145833333333
2017-09-02,0.0,8.549083333333334
2017-09-03,0.0,8.452645833333333
2017-09-04,0.0,8.620291666666667
2017-09-05,0.0,8.636104166666668
2017-09-06,0.0,8.692395833333334
2017-09-07,0.0,7.803979166666667
2017-09-08,0.0,6.90825
2017-09-09,0.0,7.982854166666667
2017-09-10,0.0,7.31
2017-09-11,0.4,6.364333333333334
2017-09-12,0.0,7.376916666666666
2017-09-13,0.0,8.762833333333333
2017-09-14,1.2000000000000002,8.829229166666666
2017-09-15,0.6000000000000001,7.305666666666667
2017-09-16,0.0,7.7668125
2017-09-17,0.2,8.131395833333334
2017-09-18,0.0,9.900770833333334
2017-09-19,0.0,9.2619375
2017-09-20,0.0,11.555916666666667
2017-09-21,0.0,9.301
2017-09-22,0.0,9.652145833333334
2017-09-23,0.0,8.656
2017-09-24,5.8,8.4729375
2017-09-25,6.2,7.9405833333333335
2017-09-26,1.7999999999999998,7.9971041666666665
2017-09-27,0.0,8.894645833333334
2017-09-28,2.4000000000000004,8.710333333333333
2017-09-29,2.0,7.7184791666666674
2017-09-30,0.0,8.591166666666666
2017-10-01,0.0,8.938770833333333
2017-10-02,1.0,7.493166666666666
2017-10-03,6.8,7.847645833333334
2017-10-04,0.0,6.732666666666667
2017-10-05,0.0,8.233395833333333
2017-10-06,0.0,7.7469375000000005
2017-10-07,4.0,8.59325
2017-10-08,0.0,7.4510000000000005
2017-10-09,0.0,7.477374999999999
2017-10-10,0.0,7.7897083333333335
2017-10-11,0.8,7.3664375
2017-10-12,0.2,7.575166666666667
2017-10-13,0.0,7.9310833333333335
2017-10-14,0.2,9.641520833333333
2017-10-15,0.2,8.497395833333334
2017-10-16,0.0,11.124104166666667
2017-10-17,0.0,9.951416666666667
2017-10-18,0.0,8.700083333333334
2017-10-19,0.0,9.104166666666666
2017-10-20,0.2,9.689791666666666
2017-10-21,0.4,8.399229166666666
2017-10-22,5.6,8.067416666666666
2017-10-23,1.8,6.967895833333333
2017-10-24,0.0,9.154895833333333
2017-10-25,0.0,9.208104166666667
2017-10-26,0.0,9.093354166666666
2017-10-27,6.0,9.126229166666667
2017-10-28,3.5999999999999996,8.5693125
2017-10-29,8.4,5.9048541666666665
2017-10-30,0.4,6.1983125
2017-10-31,0.2,6.8565000000000005
2017-11-01,0.0,7.615395833333333
2017-11-02,0.0,7.341104166666667
2017-11-03,0.0,6.677479166666667
2017-11-04,3.6,7.2631875
2017-11-05,0.6000000000000001,7.343604166666666
2017-11-06,0.0,8.015500000000001
2017-11-07,4.0,6.078125
2017-11-08,0.2,7.1786875
2017-11-09,0.8,7.905354166666666
2017-11-10,1.5999999999999999,8.954229166666666
2017-11-11,1.0,8.519270833333334
2017-11-12,1.8,6.903583333333334
2017-11-13,0.0,8.7449375
2017-11-14,0.0,8.179729166666666
2017-11-15,0.0,7.872770833333334
2017-11-16,1.6,6.376479166666667
2017-11-17,0.0,7.074041666666666
2017-11-18,0.4,6.087854166666666
2017-11-19,0.0,7.047125
2017-11-20,0.0,8.040125
2017-11-21,0.8,7.394749999999999
2017-11-22,0.0,7.398791666666667
2017-11-23,11.0,6.96675
2017-11-24,1.4000000000000001,7.2668541666666675
2017-11-25,0.2,8.257166666666667
2017-11-26,0.0,7.757645833333334
2017-11-27,1.8,8.853416666666666
2017-11-28,0.2,7.527458333333333
2017-11-29,0.4,8.1230625
2017-11-30,0.4,8.253395833333334
2017-12-01,5.6,7.2316666666666665
2017-12-02,6.0,6.94425
2017-12-03,10.0,6.3468124999999995
2017-12-04,2.0,7.0575833333333335
2017-12-05,3.2,6.778270833333334
2017-12-06,7.6000000000000005,5.4578125
2017-12-07,4.4,6.4347916666666665
2017-12-08,2.8,7.16125
2017-12-09,0.0,7.500979166666667
2017-12-10,1.2,8.896583333333334
2017-12-11,0.0,7.300020833333334
2017-12-12,0.0,7.8745625
2017-12-13,0.0,7.940520833333333
2017-12-14,0.0,8.889895833333332
2017-12-15,8.799999999999999,7.8418125
2017-12-16,5.0,7.504354166666666
2017-12-17,8.6,6.871479166666667
2017-12-18,0.4,7.3060624999999995
2017-12-19,0.6,7.324208333333334
2017-12-20,1.8,7.077791666666666
2017-12-21,6.800000000000001,8.393062500000001
2017-12-22,10.0,7.961312500000001
2017-12-23,1.0,7.669145833333332
2017-12-24,1.4000000000000001,6.949354166666667
2017-12-25,2.8000000000000003,7.1982083333333335
2017-12-26,12.6,6.480708333333333
2017-12-27,2.8,6.848979166666666
2017-12-28,7.6000000000000005,6.041666666666667
2017-12-29,3.0,5.967145833333333
2017-12-30,1.6,5.962645833333333
2017-12-31,0.0,5.704770833333334
2018-01-01,0.0,6.972729166666666
2018-01-02,0.0,7.072479166666667
2018-01-03,1.6,8.318708333333333
2018-01-04,1.8,6.709770833333334
2018-01-05,5.6000000000000005,7.432083333333334
2018-01-06,14.2,5.644479166666667
2018-01-07,14.6,5.733770833333334
2018-01-08,12.8,4.3285
2018-01-09,1.8000000000000003,6.711041666666667
2018-01-10,5.6000000000000005,6.5593125
2018-01-11,2.8,6.9401875
2018-01-12,1.2000000000000002,6.683666666666666
2018-01-13,6.3999999999999995,6.4498125
2018-01-14,3.0,5.8529583333333335
2018-01-15,7.8,5.4585
2018-01-16,2.6,7.063583333333334
2018-01-17,7.0,7.237666666666667
2018-01-18,19.6,6.876833333333334
2018-01-19,3.4000000000000004,7.27225
2018-01-20,0.2,8.29275
2018-01-21,1.4,8.761395833333333
2018-01-22,15.4,5.173
2018-01-23,0.2,6.636833333333333
2018-01-24,0.0,6.0935625
2018-01-25,1.2,7.067687500000001
2018-01-26,3.4,7.8016041666666665
2018-01-27,1.6,7.343145833333334
2018-01-28,0.0,8.9531875
2018-01-29,6.6000000000000005,7.553541666666667
2018-01-30,0.8,8.602395833333334
2018-01-31,0.0,8.629854166666666
2018-02-01,5.3999999999999995,7.7580625
2018-02-02,0.2,7.686041666666667
2018-02-03,0.0,8.9846875
2018-02-04,0.0,9.008604166666666
2018-02-05,0.4,9.7619375
2018-02-06,1.2000000000000002,9.210708333333333
2018-02-07,0.0,8.685979166666668
2018-02-08,6.2,7.493375
2018-02-09,6.4,7.462020833333334
2018-02-10,3.6,6.7848749999999995
2018-02-11,1.8,7.1794166666666674
2018-02-12,8.0,7.904083333333333
2018-02-13,3.6,9.068833333333332
2018-02-14,0.8,8.632375
2018-02-15,5.4,8.178041666666667
2018-02-16,4.0,8.043958333333334
2018-02-17,7.2,8.139645833333335
2018-02-18,6.4,7.2948125
2018-02-19,5.6,6.7341041666666674
2018-02-20,0.0,7.283124999999999
2018-02-21,2.8,6.552812500000001
2018-02-22,0.0,7.1374375
2018-02-23,0.0,7.032354166666667
2018-02-24,0.0,7.046145833333333
2018-02-25,7.0,5.128020833333333
2018-02-26,6.4,6.6728125
2018-02-27,1.6,6.721291666666667
2018-02-28,11.6,7.5064166666666665
2018-03-01,11.6,6.5447291666666665
2018-03-02,4.4,7.740104166666666
2018-03-03,1.0,8.293854166666668
2018-03-04,1.4,8.217375
2018-03-05,12.2,7.0300625
2018-03-06,14.200000000000001,6.6747708333333335
2018-03-07,0.8,7.822187500000001
2018-03-08,0.0,8.6293125
2018-03-09,3.2,8.472770833333334
2018-03-10,0.2,9.302833333333334
2018-03-11,0.4,9.3646875
2018-03-12,2.8,8.645583333333333
2018-03-13,9.4,9.141958333333333
2018-03-14,12.2,7.20625
2018-03-15,2.8000000000000003,8.136354166666667
2018-03-16,2.8,8.591291666666667
2018-03-17,5.4,7.990708333333334
2018-03-18,11.200000000000001,6.935333333333333
2018-03-19,3.8,7.600520833333333
2018-03-20,4.6,7.8382708333333335
2018-03-21,2.2,8.533479166666668
2018-03-22,9.200000000000001,7.225541666666667
2018-03-23,9.4,5.924916666666667
2018-03-24,6.3999999999999995,7.051083333333334
2018-03-25,6.4,7.6245208333333325
2018-03-26,9.8,7.716020833333332
2018-03-27,5.3999999999999995,7.2841249999999995
2018-03-28,2.4,7.730250000000001
2018-03-29,1.4,8.593666666666666
2018-03-30,0.6000000000000001,8.0715625
2018-03-31,0.0,8.640583333333334
2018-04-01,4.0,7.3865625
2018-04-02,0.8,7.087125
2018-04-03,3.2,6.5375000000000005
2018-04-04,4.8,7.001458333333333
2018-04-05,5.6,6.213979166666667
2018-04-06,6.2,6.340020833333334
2018-04-07,6.4,6.989833333333333
2018-04-08,5.4,6.6818124999999995
2018-04-09,2.0,7.167604166666667
2018-04-10,2.4,6.721666666666667
2018-04-11,6.3999999999999995,7.57275
2018-04-12,0.2,6.391583333333333
2018-04-13,0.8,7.311541666666667
2018-04-14,1.4000000000000001,7.810770833333333
2018-04-15,0.0,9.180625000000001
2018-04-16,0.0,8.543020833333333
2018-04-17,0.0,7.841208333333333
2018-04-18,0.0,8.660666666666666
2018-04-19,0.0,8.928708333333333
2018-04-20,1.4000000000000001,8.557895833333333
2018-04-21,2.2,8.524270833333334
2018-04-22,0.4,7.190854166666667
2018-04-23,0.4,7.6116874999999995
2018-04-24,1.8,7.484229166666666
2018-04-25,1.6,7.933812499999999
2018-04-26,0.2,8.375020833333332
2018-04-27,0.0,8.075666666666667
2018-04-28,0.0,6.441854166666666
2018-04-29,0.0,8.136666666666667
2018-04-30,0.0,8.112895833333333
2018-05-01,5.2,7.482166666666667
2018-05-02,0.0,9.059833333333334
2018-05-03,0.0,8.987125
2018-05-04,0.8,8.985541666666666
2018-05-05,8.2,8.133458333333333
2018-05-06,0.7999999999999999,7.360145833333333
2018-05-07,4.3999999999999995,6.955583333333333
2018-05-08,1.2,7.239541666666667
2018-05-09,0.4,7.701625
2018-05-10,0.4,8.001166666666666
2018-05-11,0.0,7.9746041666666665
2018-05-12,1.6,7.645875
2018-05-13,0.2,6.91425
2018-05-14,0.0,7.273458333333333
2018-05-15,0.0,7.8536874999999995
2018-05-16,0.4,8.324979166666667
2018-05-17,3.4000000000000004,7.862895833333333
2018-05-18,5.8,6.739666666666667
2018-05-19,0.0,7.276666666666666
2018-05-20,5.0,7.574541666666668
2018-05-21,0.0,7.328937499999999
2018-05-22,0.4,7.777145833333333
2018-05-23,0.4,8.069208333333334
2018-05-24,0.0,7.6105625
2018-05-25,0.0,6.4519166666666665
2018-05-26,0.0,6.701291666666666
2018-05-27,0.0,6.8454375
2018-05-28,0.0,6.953895833333333
2018-05-29,2.6,7.720041666666667
2018-05-30,0.0,7.11625
2018-05-31,0.0,7.456270833333334
2018-06-01,1.8,6.8463125
2018-06-02,0.0,7.320229166666667
2018-06-03,2.4000000000000004,6.405645833333334
2018-06-04,0.2,7.747791666666667
2018-06-05,0.0,7.697395833333334
2018-06-06,0.0,6.7218333333333335
2018-06-07,0.0,7.705791666666666
2018-06-08,0.0,7.321229166666666
2018-06-09,0.0,6.0864166666666675
2018-06-10,0.0,6.020083333333333
2018-06-11,0.0,6.0142500000000005
2018-06-12,1.2000000000000002,6.804749999999999
2018-06-13,0.2,6.792833333333333
2018-06-14,0.0,6.615312500000001
2018-06-15,0.0,5.988583333333334
2018-06-16,0.0,7.064333333333334
2018-06-17,0.0,6.891479166666667
2018-06-18,0.0,7.363416666666667
2018-06-19,0.0,7.2078125
2018-06-20,0.0,6.119104166666666
2018-06-21,0.0,6.22025
2018-06-22,0.0,5.501041666666667
2018-06-23,0.0,5.6241666666666665
2018-06-24,0.0,6.2286874999999995
2018-06-25,0.0,5.865645833333333
2018-06-26,0.0,6.607916666666667
2018-06-27,0.0,5.908729166666667
2018-06-28,0.0,5.806125000000001
2018-06-29,0.0,5.513083333333333
2018-06-30,0.0,5.894125
2018-07-01,0.0,6.0645625
2018-07-02,0.0,5.491791666666667
2018-07-03,0.0,6.362229166666666
2018-07-04,0.0,6.1187708333333335
2018-07-05,0.0,7.594458333333333
2018-07-06,0.0,7.407520833333333
2018-07-07,0.0,7.054895833333333
2018-07-08,0.0,5.604416666666666
2018-07-09,0.0,6.922750000000001
2018-07-10,0.0,7.028212765957448
2018-07-11,0.0,6.312645833333334
2018-07-12,0.0,5.752020833333333
2018-07-13,0.0,6.707354166666668
2018-07-14,0.0,6.1645208333333334
2018-07-15,0.0,6.688020833333333
2018-07-16,0.0,6.460541666666667
2018-07-17,0.0,7.3711875000000004
2018-07-18,0.0,6.7902916666666675
2018-07-19,0.0,5.275604166666667
2018-07-20,0.0,6.1390625000000005
2018-07-21,0.0,6.65125
2018-07-22,0.0,7.189270833333333
2018-07-23,0.0,7.075666666666667
2018-07-24,0.0,7.852145833333334
2018-07-25,0.0,6.230104166666667
2018-07-26,0.0,6.069270833333333
2018-07-27,0.0,6.532729166666667
2018-07-28,0.0,6.648395833333333
2018-07-29,0.0,6.478854166666667
2018-07-30,0.0,6.206395833333333
2018-07-31,0.0,7.6548750000000005
2018-08-01,0.2,6.929083333333334
2018-08-02,0.2,6.453083333333333
2018-08-03,1.4,6.310208333333333
2018-08-04,0.0,6.688416666666666
2018-08-05,0.0,6.805479166666667
2018-08-06,0.0,6.927499999999999
2018-08-07,0.0,6.813208333333333
2018-08-08,1.4000000000000001,7.025229166666667
2018-08-09,0.0,9.357145833333332
2018-08-10,0.0,8.701791666666667
2018-08-11,0.0,8.352375
2018-08-12,0.0,8.672458333333333
2018-08-13,0.0,7.50371052631579
